0	2.5	EAT	eatpro	['specie_40']
0	2.5	EAT	eatfat	['specie_40']
0	2.5	EAT	eatcarb	['specie_40']
0	2.5	ILLNESS	treatpain	['specie_40']
0	2.5	ILLNESS	treatwound	['specie_40']
0	2.5	ILLNESS	treatfever	['specie_40']
0	2.5	SHELTER	needclothes	['specie_40']
0	2.5	SHELTER	needshoes	['specie_40']
0	2.5	SHELTER	needwood	['specie_40']
0	2.5	TOOLS	needbasket	['specie_40']
0	2.5	TOOLS	needaxe	['specie_40']
0	2.5	TOOLS	needarrow	['specie_40']
1	2.5	EAT	eatpro	['specie_753']
1	2.5	EAT	eatfat	['specie_753']
1	2.5	EAT	eatcarb	['specie_753']
1	2.5	ILLNESS	treatpain	['specie_753']
1	2.5	ILLNESS	treatwound	['specie_753']
1	2.5	ILLNESS	treatfever	['specie_753']
1	2.5	SHELTER	needclothes	['specie_753']
1	2.5	SHELTER	needshoes	['specie_753']
1	2.5	SHELTER	needwood	['specie_753']
1	2.5	TOOLS	needbasket	['specie_753']
1	2.5	TOOLS	needaxe	['specie_753']
1	2.5	TOOLS	needarrow	['specie_753']
2	2.5	EAT	eatpro	['specie_658']
2	2.5	EAT	eatfat	['specie_658']
2	2.5	EAT	eatcarb	['specie_658']
2	2.5	ILLNESS	treatpain	['specie_658']
2	2.5	ILLNESS	treatwound	['specie_658']
2	2.5	ILLNESS	treatfever	['specie_658']
2	2.5	SHELTER	needclothes	['specie_658']
2	2.5	SHELTER	needshoes	['specie_658']
2	2.5	SHELTER	needwood	['specie_658']
2	2.5	TOOLS	needbasket	['specie_658']
2	2.5	TOOLS	needaxe	['specie_658']
2	2.5	TOOLS	needarrow	['specie_658']
3	2.5	EAT	eatpro	['specie_341']
3	2.5	EAT	eatfat	['specie_341']
3	2.5	EAT	eatcarb	['specie_341']
3	2.5	ILLNESS	treatpain	['specie_341']
3	2.5	ILLNESS	treatwound	['specie_341']
3	2.5	ILLNESS	treatfever	['specie_341']
3	2.5	SHELTER	needclothes	['specie_341']
3	2.5	SHELTER	needshoes	['specie_341']
3	2.5	SHELTER	needwood	['specie_341']
3	2.5	TOOLS	needbasket	['specie_341']
3	2.5	TOOLS	needaxe	['specie_341']
3	2.5	TOOLS	needarrow	['specie_341']
4	2.5	EAT	eatpro	['specie_1623']
4	2.5	EAT	eatfat	['specie_1623']
4	2.5	EAT	eatcarb	['specie_1623']
4	2.5	ILLNESS	treatpain	['specie_1623']
4	2.5	ILLNESS	treatwound	['specie_1623']
4	2.5	ILLNESS	treatfever	['specie_1623']
4	2.5	SHELTER	needclothes	['specie_1623']
4	2.5	SHELTER	needshoes	['specie_1623']
4	2.5	SHELTER	needwood	['specie_1623']
4	2.5	TOOLS	needbasket	['specie_1623']
4	2.5	TOOLS	needaxe	['specie_1623']
4	2.5	TOOLS	needarrow	['specie_1623']
5	2.5	EAT	eatpro	['specie_600']
5	2.5	EAT	eatfat	['specie_600']
5	2.5	EAT	eatcarb	['specie_600']
5	2.5	ILLNESS	treatpain	['specie_600']
5	2.5	ILLNESS	treatwound	['specie_600']
5	2.5	ILLNESS	treatfever	['specie_600']
5	2.5	SHELTER	needclothes	['specie_600']
5	2.5	SHELTER	needshoes	['specie_600']
5	2.5	SHELTER	needwood	['specie_600']
5	2.5	TOOLS	needbasket	['specie_600']
5	2.5	TOOLS	needaxe	['specie_600']
5	2.5	TOOLS	needarrow	['specie_600']
6	2.5	EAT	eatpro	['specie_283']
6	2.5	EAT	eatfat	['specie_283']
6	2.5	EAT	eatcarb	['specie_283']
6	2.5	ILLNESS	treatpain	['specie_283']
6	2.5	ILLNESS	treatwound	['specie_283']
6	2.5	ILLNESS	treatfever	['specie_283']
6	2.5	SHELTER	needclothes	['specie_283']
6	2.5	SHELTER	needshoes	['specie_283']
6	2.5	SHELTER	needwood	['specie_283']
6	2.5	TOOLS	needbasket	['specie_283']
6	2.5	TOOLS	needaxe	['specie_283']
6	2.5	TOOLS	needarrow	['specie_283']
7	2.5	EAT	eatpro	['specie_542']
7	2.5	EAT	eatfat	['specie_542']
7	2.5	EAT	eatcarb	['specie_542']
7	2.5	ILLNESS	treatpain	['specie_542']
7	2.5	ILLNESS	treatwound	['specie_542']
7	2.5	ILLNESS	treatfever	['specie_542']
7	2.5	SHELTER	needclothes	['specie_542']
7	2.5	SHELTER	needshoes	['specie_542']
7	2.5	SHELTER	needwood	['specie_542']
7	2.5	TOOLS	needbasket	['specie_542']
7	2.5	TOOLS	needaxe	['specie_542']
7	2.5	TOOLS	needarrow	['specie_542']
8	2.5	EAT	eatpro	['specie_1428']
8	2.5	EAT	eatfat	['specie_1428']
8	2.5	EAT	eatcarb	['specie_1428']
8	2.5	ILLNESS	treatpain	['specie_1428']
8	2.5	ILLNESS	treatwound	['specie_1428']
8	2.5	ILLNESS	treatfever	['specie_1428']
8	2.5	SHELTER	needclothes	['specie_1428']
8	2.5	SHELTER	needshoes	['specie_1428']
8	2.5	SHELTER	needwood	['specie_1428']
8	2.5	TOOLS	needbasket	['specie_1428']
8	2.5	TOOLS	needaxe	['specie_1428']
8	2.5	TOOLS	needarrow	['specie_1428']
9	2.5	EAT	eatpro	['specie_241']
9	2.5	EAT	eatfat	['specie_241']
9	2.5	EAT	eatcarb	['specie_241']
9	2.5	ILLNESS	treatpain	['specie_241']
9	2.5	ILLNESS	treatwound	['specie_241']
9	2.5	ILLNESS	treatfever	['specie_241']
9	2.5	SHELTER	needclothes	['specie_241']
9	2.5	SHELTER	needshoes	['specie_241']
9	2.5	SHELTER	needwood	['specie_241']
9	2.5	TOOLS	needbasket	['specie_241']
9	2.5	TOOLS	needaxe	['specie_241']
9	2.5	TOOLS	needarrow	['specie_241']
10	2.5	EAT	eatpro	['specie_659']
10	2.5	EAT	eatfat	['specie_659']
10	2.5	EAT	eatcarb	['specie_659']
10	2.5	ILLNESS	treatpain	['specie_659']
10	2.5	ILLNESS	treatwound	['specie_659']
10	2.5	ILLNESS	treatfever	['specie_659']
10	2.5	SHELTER	needclothes	['specie_659']
10	2.5	SHELTER	needshoes	['specie_659']
10	2.5	SHELTER	needwood	['specie_659']
10	2.5	TOOLS	needbasket	['specie_659']
10	2.5	TOOLS	needaxe	['specie_659']
10	2.5	TOOLS	needarrow	['specie_659']
11	2.5	EAT	eatpro	['specie_850']
11	2.5	EAT	eatfat	['specie_850']
11	2.5	EAT	eatcarb	['specie_850']
11	2.5	ILLNESS	treatpain	['specie_850']
11	2.5	ILLNESS	treatwound	['specie_850']
11	2.5	ILLNESS	treatfever	['specie_850']
11	2.5	SHELTER	needclothes	['specie_850']
11	2.5	SHELTER	needshoes	['specie_850']
11	2.5	SHELTER	needwood	['specie_850']
11	2.5	TOOLS	needbasket	['specie_850']
11	2.5	TOOLS	needaxe	['specie_850']
11	2.5	TOOLS	needarrow	['specie_850']
12	2.5	EAT	eatpro	['specie_1325']
12	2.5	EAT	eatfat	['specie_1325']
12	2.5	EAT	eatcarb	['specie_1325']
12	2.5	ILLNESS	treatpain	['specie_1325']
12	2.5	ILLNESS	treatwound	['specie_1325']
12	2.5	ILLNESS	treatfever	['specie_1325']
12	2.5	SHELTER	needclothes	['specie_1325']
12	2.5	SHELTER	needshoes	['specie_1325']
12	2.5	SHELTER	needwood	['specie_1325']
12	2.5	TOOLS	needbasket	['specie_1325']
12	2.5	TOOLS	needaxe	['specie_1325']
12	2.5	TOOLS	needarrow	['specie_1325']
13	2.5	EAT	eatpro	['specie_129']
13	2.5	EAT	eatfat	['specie_129']
13	2.5	EAT	eatcarb	['specie_129']
13	2.5	ILLNESS	treatpain	['specie_129']
13	2.5	ILLNESS	treatwound	['specie_129']
13	2.5	ILLNESS	treatfever	['specie_129']
13	2.5	SHELTER	needclothes	['specie_129']
13	2.5	SHELTER	needshoes	['specie_129']
13	2.5	SHELTER	needwood	['specie_129']
13	2.5	TOOLS	needbasket	['specie_129']
13	2.5	TOOLS	needaxe	['specie_129']
13	2.5	TOOLS	needarrow	['specie_129']
14	2.5	EAT	eatpro	['specie_159']
14	2.5	EAT	eatfat	['specie_159']
14	2.5	EAT	eatcarb	['specie_159']
14	2.5	ILLNESS	treatpain	['specie_159']
14	2.5	ILLNESS	treatwound	['specie_159']
14	2.5	ILLNESS	treatfever	['specie_159']
14	2.5	SHELTER	needclothes	['specie_159']
14	2.5	SHELTER	needshoes	['specie_159']
14	2.5	SHELTER	needwood	['specie_159']
14	2.5	TOOLS	needbasket	['specie_159']
14	2.5	TOOLS	needaxe	['specie_159']
14	2.5	TOOLS	needarrow	['specie_159']
15	2.5	EAT	eatpro	['specie_659']
15	2.5	EAT	eatfat	['specie_659']
15	2.5	EAT	eatcarb	['specie_659']
15	2.5	ILLNESS	treatpain	['specie_659']
15	2.5	ILLNESS	treatwound	['specie_659']
15	2.5	ILLNESS	treatfever	['specie_659']
15	2.5	SHELTER	needclothes	['specie_659']
15	2.5	SHELTER	needshoes	['specie_659']
15	2.5	SHELTER	needwood	['specie_659']
15	2.5	TOOLS	needbasket	['specie_659']
15	2.5	TOOLS	needaxe	['specie_659']
15	2.5	TOOLS	needarrow	['specie_659']
16	2.5	EAT	eatpro	['specie_714']
16	2.5	EAT	eatfat	['specie_714']
16	2.5	EAT	eatcarb	['specie_714']
16	2.5	ILLNESS	treatpain	['specie_714']
16	2.5	ILLNESS	treatwound	['specie_714']
16	2.5	ILLNESS	treatfever	['specie_714']
16	2.5	SHELTER	needclothes	['specie_714']
16	2.5	SHELTER	needshoes	['specie_714']
16	2.5	SHELTER	needwood	['specie_714']
16	2.5	TOOLS	needbasket	['specie_714']
16	2.5	TOOLS	needaxe	['specie_714']
16	2.5	TOOLS	needarrow	['specie_714']
17	2.5	EAT	eatpro	['specie_1511']
17	2.5	EAT	eatfat	['specie_1511']
17	2.5	EAT	eatcarb	['specie_1511']
17	2.5	ILLNESS	treatpain	['specie_1511']
17	2.5	ILLNESS	treatwound	['specie_1511']
17	2.5	ILLNESS	treatfever	['specie_1511']
17	2.5	SHELTER	needclothes	['specie_1511']
17	2.5	SHELTER	needshoes	['specie_1511']
17	2.5	SHELTER	needwood	['specie_1511']
17	2.5	TOOLS	needbasket	['specie_1511']
17	2.5	TOOLS	needaxe	['specie_1511']
17	2.5	TOOLS	needarrow	['specie_1511']
18	2.5	EAT	eatpro	['specie_1550']
18	2.5	EAT	eatfat	['specie_1550']
18	2.5	EAT	eatcarb	['specie_1550']
18	2.5	ILLNESS	treatpain	['specie_1550']
18	2.5	ILLNESS	treatwound	['specie_1550']
18	2.5	ILLNESS	treatfever	['specie_1550']
18	2.5	SHELTER	needclothes	['specie_1550']
18	2.5	SHELTER	needshoes	['specie_1550']
18	2.5	SHELTER	needwood	['specie_1550']
18	2.5	TOOLS	needbasket	['specie_1550']
18	2.5	TOOLS	needaxe	['specie_1550']
18	2.5	TOOLS	needarrow	['specie_1550']
19	2.5	EAT	eatpro	['specie_750']
19	2.5	EAT	eatfat	['specie_750']
19	2.5	EAT	eatcarb	['specie_750']
19	2.5	ILLNESS	treatpain	['specie_750']
19	2.5	ILLNESS	treatwound	['specie_750']
19	2.5	ILLNESS	treatfever	['specie_750']
19	2.5	SHELTER	needclothes	['specie_750']
19	2.5	SHELTER	needshoes	['specie_750']
19	2.5	SHELTER	needwood	['specie_750']
19	2.5	TOOLS	needbasket	['specie_750']
19	2.5	TOOLS	needaxe	['specie_750']
19	2.5	TOOLS	needarrow	['specie_750']
20	2.5	EAT	eatpro	['specie_483']
20	2.5	EAT	eatfat	['specie_483']
20	2.5	EAT	eatcarb	['specie_483']
20	2.5	ILLNESS	treatpain	['specie_483']
20	2.5	ILLNESS	treatwound	['specie_483']
20	2.5	ILLNESS	treatfever	['specie_483']
20	2.5	SHELTER	needclothes	['specie_483']
20	2.5	SHELTER	needshoes	['specie_483']
20	2.5	SHELTER	needwood	['specie_483']
20	2.5	TOOLS	needbasket	['specie_483']
20	2.5	TOOLS	needaxe	['specie_483']
20	2.5	TOOLS	needarrow	['specie_483']
21	2.5	EAT	eatpro	['specie_1591']
21	2.5	EAT	eatfat	['specie_1591']
21	2.5	EAT	eatcarb	['specie_1591']
21	2.5	ILLNESS	treatpain	['specie_1591']
21	2.5	ILLNESS	treatwound	['specie_1591']
21	2.5	ILLNESS	treatfever	['specie_1591']
21	2.5	SHELTER	needclothes	['specie_1591']
21	2.5	SHELTER	needshoes	['specie_1591']
21	2.5	SHELTER	needwood	['specie_1591']
21	2.5	TOOLS	needbasket	['specie_1591']
21	2.5	TOOLS	needaxe	['specie_1591']
21	2.5	TOOLS	needarrow	['specie_1591']
22	2.5	EAT	eatpro	['specie_1352']
22	2.5	EAT	eatfat	['specie_1352']
22	2.5	EAT	eatcarb	['specie_1352']
22	2.5	ILLNESS	treatpain	['specie_1352']
22	2.5	ILLNESS	treatwound	['specie_1352']
22	2.5	ILLNESS	treatfever	['specie_1352']
22	2.5	SHELTER	needclothes	['specie_1352']
22	2.5	SHELTER	needshoes	['specie_1352']
22	2.5	SHELTER	needwood	['specie_1352']
22	2.5	TOOLS	needbasket	['specie_1352']
22	2.5	TOOLS	needaxe	['specie_1352']
22	2.5	TOOLS	needarrow	['specie_1352']
23	2.5	EAT	eatpro	['specie_488']
23	2.5	EAT	eatfat	['specie_488']
23	2.5	EAT	eatcarb	['specie_488']
23	2.5	ILLNESS	treatpain	['specie_488']
23	2.5	ILLNESS	treatwound	['specie_488']
23	2.5	ILLNESS	treatfever	['specie_488']
23	2.5	SHELTER	needclothes	['specie_488']
23	2.5	SHELTER	needshoes	['specie_488']
23	2.5	SHELTER	needwood	['specie_488']
23	2.5	TOOLS	needbasket	['specie_488']
23	2.5	TOOLS	needaxe	['specie_488']
23	2.5	TOOLS	needarrow	['specie_488']
24	2.5	EAT	eatpro	['specie_1478']
24	2.5	EAT	eatfat	['specie_1478']
24	2.5	EAT	eatcarb	['specie_1478']
24	2.5	ILLNESS	treatpain	['specie_1478']
24	2.5	ILLNESS	treatwound	['specie_1478']
24	2.5	ILLNESS	treatfever	['specie_1478']
24	2.5	SHELTER	needclothes	['specie_1478']
24	2.5	SHELTER	needshoes	['specie_1478']
24	2.5	SHELTER	needwood	['specie_1478']
24	2.5	TOOLS	needbasket	['specie_1478']
24	2.5	TOOLS	needaxe	['specie_1478']
24	2.5	TOOLS	needarrow	['specie_1478']
25	2.5	EAT	eatpro	['specie_228']
25	2.5	EAT	eatfat	['specie_228']
25	2.5	EAT	eatcarb	['specie_228']
25	2.5	ILLNESS	treatpain	['specie_228']
25	2.5	ILLNESS	treatwound	['specie_228']
25	2.5	ILLNESS	treatfever	['specie_228']
25	2.5	SHELTER	needclothes	['specie_228']
25	2.5	SHELTER	needshoes	['specie_228']
25	2.5	SHELTER	needwood	['specie_228']
25	2.5	TOOLS	needbasket	['specie_228']
25	2.5	TOOLS	needaxe	['specie_228']
25	2.5	TOOLS	needarrow	['specie_228']
26	2.5	EAT	eatpro	['specie_532']
26	2.5	EAT	eatfat	['specie_532']
26	2.5	EAT	eatcarb	['specie_532']
26	2.5	ILLNESS	treatpain	['specie_532']
26	2.5	ILLNESS	treatwound	['specie_532']
26	2.5	ILLNESS	treatfever	['specie_532']
26	2.5	SHELTER	needclothes	['specie_532']
26	2.5	SHELTER	needshoes	['specie_532']
26	2.5	SHELTER	needwood	['specie_532']
26	2.5	TOOLS	needbasket	['specie_532']
26	2.5	TOOLS	needaxe	['specie_532']
26	2.5	TOOLS	needarrow	['specie_532']
27	2.5	EAT	eatpro	['specie_26']
27	2.5	EAT	eatfat	['specie_26']
27	2.5	EAT	eatcarb	['specie_26']
27	2.5	ILLNESS	treatpain	['specie_26']
27	2.5	ILLNESS	treatwound	['specie_26']
27	2.5	ILLNESS	treatfever	['specie_26']
27	2.5	SHELTER	needclothes	['specie_26']
27	2.5	SHELTER	needshoes	['specie_26']
27	2.5	SHELTER	needwood	['specie_26']
27	2.5	TOOLS	needbasket	['specie_26']
27	2.5	TOOLS	needaxe	['specie_26']
27	2.5	TOOLS	needarrow	['specie_26']
28	2.5	EAT	eatpro	['specie_443']
28	2.5	EAT	eatfat	['specie_443']
28	2.5	EAT	eatcarb	['specie_443']
28	2.5	ILLNESS	treatpain	['specie_443']
28	2.5	ILLNESS	treatwound	['specie_443']
28	2.5	ILLNESS	treatfever	['specie_443']
28	2.5	SHELTER	needclothes	['specie_443']
28	2.5	SHELTER	needshoes	['specie_443']
28	2.5	SHELTER	needwood	['specie_443']
28	2.5	TOOLS	needbasket	['specie_443']
28	2.5	TOOLS	needaxe	['specie_443']
28	2.5	TOOLS	needarrow	['specie_443']
29	2.5	EAT	eatpro	['specie_1061']
29	2.5	EAT	eatfat	['specie_1061']
29	2.5	EAT	eatcarb	['specie_1061']
29	2.5	ILLNESS	treatpain	['specie_1061']
29	2.5	ILLNESS	treatwound	['specie_1061']
29	2.5	ILLNESS	treatfever	['specie_1061']
29	2.5	SHELTER	needclothes	['specie_1061']
29	2.5	SHELTER	needshoes	['specie_1061']
29	2.5	SHELTER	needwood	['specie_1061']
29	2.5	TOOLS	needbasket	['specie_1061']
29	2.5	TOOLS	needaxe	['specie_1061']
29	2.5	TOOLS	needarrow	['specie_1061']
30	2.5	EAT	eatpro	['specie_1032']
30	2.5	EAT	eatfat	['specie_1032']
30	2.5	EAT	eatcarb	['specie_1032']
30	2.5	ILLNESS	treatpain	['specie_1032']
30	2.5	ILLNESS	treatwound	['specie_1032']
30	2.5	ILLNESS	treatfever	['specie_1032']
30	2.5	SHELTER	needclothes	['specie_1032']
30	2.5	SHELTER	needshoes	['specie_1032']
30	2.5	SHELTER	needwood	['specie_1032']
30	2.5	TOOLS	needbasket	['specie_1032']
30	2.5	TOOLS	needaxe	['specie_1032']
30	2.5	TOOLS	needarrow	['specie_1032']
31	2.5	EAT	eatpro	['specie_399']
31	2.5	EAT	eatfat	['specie_399']
31	2.5	EAT	eatcarb	['specie_399']
31	2.5	ILLNESS	treatpain	['specie_399']
31	2.5	ILLNESS	treatwound	['specie_399']
31	2.5	ILLNESS	treatfever	['specie_399']
31	2.5	SHELTER	needclothes	['specie_399']
31	2.5	SHELTER	needshoes	['specie_399']
31	2.5	SHELTER	needwood	['specie_399']
31	2.5	TOOLS	needbasket	['specie_399']
31	2.5	TOOLS	needaxe	['specie_399']
31	2.5	TOOLS	needarrow	['specie_399']
32	2.5	EAT	eatpro	['specie_233']
32	2.5	EAT	eatfat	['specie_233']
32	2.5	EAT	eatcarb	['specie_233']
32	2.5	ILLNESS	treatpain	['specie_233']
32	2.5	ILLNESS	treatwound	['specie_233']
32	2.5	ILLNESS	treatfever	['specie_233']
32	2.5	SHELTER	needclothes	['specie_233']
32	2.5	SHELTER	needshoes	['specie_233']
32	2.5	SHELTER	needwood	['specie_233']
32	2.5	TOOLS	needbasket	['specie_233']
32	2.5	TOOLS	needaxe	['specie_233']
32	2.5	TOOLS	needarrow	['specie_233']
33	2.5	EAT	eatpro	['specie_574']
33	2.5	EAT	eatfat	['specie_574']
33	2.5	EAT	eatcarb	['specie_574']
33	2.5	ILLNESS	treatpain	['specie_574']
33	2.5	ILLNESS	treatwound	['specie_574']
33	2.5	ILLNESS	treatfever	['specie_574']
33	2.5	SHELTER	needclothes	['specie_574']
33	2.5	SHELTER	needshoes	['specie_574']
33	2.5	SHELTER	needwood	['specie_574']
33	2.5	TOOLS	needbasket	['specie_574']
33	2.5	TOOLS	needaxe	['specie_574']
33	2.5	TOOLS	needarrow	['specie_574']
34	2.5	EAT	eatpro	['specie_741']
34	2.5	EAT	eatfat	['specie_741']
34	2.5	EAT	eatcarb	['specie_741']
34	2.5	ILLNESS	treatpain	['specie_741']
34	2.5	ILLNESS	treatwound	['specie_741']
34	2.5	ILLNESS	treatfever	['specie_741']
34	2.5	SHELTER	needclothes	['specie_741']
34	2.5	SHELTER	needshoes	['specie_741']
34	2.5	SHELTER	needwood	['specie_741']
34	2.5	TOOLS	needbasket	['specie_741']
34	2.5	TOOLS	needaxe	['specie_741']
34	2.5	TOOLS	needarrow	['specie_741']
35	2.5	EAT	eatpro	['specie_107']
35	2.5	EAT	eatfat	['specie_107']
35	2.5	EAT	eatcarb	['specie_107']
35	2.5	ILLNESS	treatpain	['specie_107']
35	2.5	ILLNESS	treatwound	['specie_107']
35	2.5	ILLNESS	treatfever	['specie_107']
35	2.5	SHELTER	needclothes	['specie_107']
35	2.5	SHELTER	needshoes	['specie_107']
35	2.5	SHELTER	needwood	['specie_107']
35	2.5	TOOLS	needbasket	['specie_107']
35	2.5	TOOLS	needaxe	['specie_107']
35	2.5	TOOLS	needarrow	['specie_107']
36	2.5	EAT	eatpro	['specie_1215']
36	2.5	EAT	eatfat	['specie_1215']
36	2.5	EAT	eatcarb	['specie_1215']
36	2.5	ILLNESS	treatpain	['specie_1215']
36	2.5	ILLNESS	treatwound	['specie_1215']
36	2.5	ILLNESS	treatfever	['specie_1215']
36	2.5	SHELTER	needclothes	['specie_1215']
36	2.5	SHELTER	needshoes	['specie_1215']
36	2.5	SHELTER	needwood	['specie_1215']
36	2.5	TOOLS	needbasket	['specie_1215']
36	2.5	TOOLS	needaxe	['specie_1215']
36	2.5	TOOLS	needarrow	['specie_1215']
37	2.5	EAT	eatpro	['specie_839']
37	2.5	EAT	eatfat	['specie_839']
37	2.5	EAT	eatcarb	['specie_839']
37	2.5	ILLNESS	treatpain	['specie_839']
37	2.5	ILLNESS	treatwound	['specie_839']
37	2.5	ILLNESS	treatfever	['specie_839']
37	2.5	SHELTER	needclothes	['specie_839']
37	2.5	SHELTER	needshoes	['specie_839']
37	2.5	SHELTER	needwood	['specie_839']
37	2.5	TOOLS	needbasket	['specie_839']
37	2.5	TOOLS	needaxe	['specie_839']
37	2.5	TOOLS	needarrow	['specie_839']
38	2.5	EAT	eatpro	['specie_1502']
38	2.5	EAT	eatfat	['specie_1502']
38	2.5	EAT	eatcarb	['specie_1502']
38	2.5	ILLNESS	treatpain	['specie_1502']
38	2.5	ILLNESS	treatwound	['specie_1502']
38	2.5	ILLNESS	treatfever	['specie_1502']
38	2.5	SHELTER	needclothes	['specie_1502']
38	2.5	SHELTER	needshoes	['specie_1502']
38	2.5	SHELTER	needwood	['specie_1502']
38	2.5	TOOLS	needbasket	['specie_1502']
38	2.5	TOOLS	needaxe	['specie_1502']
38	2.5	TOOLS	needarrow	['specie_1502']
39	2.5	EAT	eatpro	['specie_1387']
39	2.5	EAT	eatfat	['specie_1387']
39	2.5	EAT	eatcarb	['specie_1387']
39	2.5	ILLNESS	treatpain	['specie_1387']
39	2.5	ILLNESS	treatwound	['specie_1387']
39	2.5	ILLNESS	treatfever	['specie_1387']
39	2.5	SHELTER	needclothes	['specie_1387']
39	2.5	SHELTER	needshoes	['specie_1387']
39	2.5	SHELTER	needwood	['specie_1387']
39	2.5	TOOLS	needbasket	['specie_1387']
39	2.5	TOOLS	needaxe	['specie_1387']
39	2.5	TOOLS	needarrow	['specie_1387']
40	2.5	EAT	eatpro	['specie_971']
40	2.5	EAT	eatfat	['specie_971']
40	2.5	EAT	eatcarb	['specie_971']
40	2.5	ILLNESS	treatpain	['specie_971']
40	2.5	ILLNESS	treatwound	['specie_971']
40	2.5	ILLNESS	treatfever	['specie_971']
40	2.5	SHELTER	needclothes	['specie_971']
40	2.5	SHELTER	needshoes	['specie_971']
40	2.5	SHELTER	needwood	['specie_971']
40	2.5	TOOLS	needbasket	['specie_971']
40	2.5	TOOLS	needaxe	['specie_971']
40	2.5	TOOLS	needarrow	['specie_971']
41	2.5	EAT	eatpro	['specie_48']
41	2.5	EAT	eatfat	['specie_48']
41	2.5	EAT	eatcarb	['specie_48']
41	2.5	ILLNESS	treatpain	['specie_48']
41	2.5	ILLNESS	treatwound	['specie_48']
41	2.5	ILLNESS	treatfever	['specie_48']
41	2.5	SHELTER	needclothes	['specie_48']
41	2.5	SHELTER	needshoes	['specie_48']
41	2.5	SHELTER	needwood	['specie_48']
41	2.5	TOOLS	needbasket	['specie_48']
41	2.5	TOOLS	needaxe	['specie_48']
41	2.5	TOOLS	needarrow	['specie_48']
42	2.5	EAT	eatpro	['specie_1226']
42	2.5	EAT	eatfat	['specie_1226']
42	2.5	EAT	eatcarb	['specie_1226']
42	2.5	ILLNESS	treatpain	['specie_1226']
42	2.5	ILLNESS	treatwound	['specie_1226']
42	2.5	ILLNESS	treatfever	['specie_1226']
42	2.5	SHELTER	needclothes	['specie_1226']
42	2.5	SHELTER	needshoes	['specie_1226']
42	2.5	SHELTER	needwood	['specie_1226']
42	2.5	TOOLS	needbasket	['specie_1226']
42	2.5	TOOLS	needaxe	['specie_1226']
42	2.5	TOOLS	needarrow	['specie_1226']
43	2.5	EAT	eatpro	['specie_485']
43	2.5	EAT	eatfat	['specie_485']
43	2.5	EAT	eatcarb	['specie_485']
43	2.5	ILLNESS	treatpain	['specie_485']
43	2.5	ILLNESS	treatwound	['specie_485']
43	2.5	ILLNESS	treatfever	['specie_485']
43	2.5	SHELTER	needclothes	['specie_485']
43	2.5	SHELTER	needshoes	['specie_485']
43	2.5	SHELTER	needwood	['specie_485']
43	2.5	TOOLS	needbasket	['specie_485']
43	2.5	TOOLS	needaxe	['specie_485']
43	2.5	TOOLS	needarrow	['specie_485']
44	2.5	EAT	eatpro	['specie_1634']
44	2.5	EAT	eatfat	['specie_1634']
44	2.5	EAT	eatcarb	['specie_1634']
44	2.5	ILLNESS	treatpain	['specie_1634']
44	2.5	ILLNESS	treatwound	['specie_1634']
44	2.5	ILLNESS	treatfever	['specie_1634']
44	2.5	SHELTER	needclothes	['specie_1634']
44	2.5	SHELTER	needshoes	['specie_1634']
44	2.5	SHELTER	needwood	['specie_1634']
44	2.5	TOOLS	needbasket	['specie_1634']
44	2.5	TOOLS	needaxe	['specie_1634']
44	2.5	TOOLS	needarrow	['specie_1634']
45	2.5	EAT	eatpro	['specie_311']
45	2.5	EAT	eatfat	['specie_311']
45	2.5	EAT	eatcarb	['specie_311']
45	2.5	ILLNESS	treatpain	['specie_311']
45	2.5	ILLNESS	treatwound	['specie_311']
45	2.5	ILLNESS	treatfever	['specie_311']
45	2.5	SHELTER	needclothes	['specie_311']
45	2.5	SHELTER	needshoes	['specie_311']
45	2.5	SHELTER	needwood	['specie_311']
45	2.5	TOOLS	needbasket	['specie_311']
45	2.5	TOOLS	needaxe	['specie_311']
45	2.5	TOOLS	needarrow	['specie_311']
46	2.5	EAT	eatpro	['specie_1119']
46	2.5	EAT	eatfat	['specie_1119']
46	2.5	EAT	eatcarb	['specie_1119']
46	2.5	ILLNESS	treatpain	['specie_1119']
46	2.5	ILLNESS	treatwound	['specie_1119']
46	2.5	ILLNESS	treatfever	['specie_1119']
46	2.5	SHELTER	needclothes	['specie_1119']
46	2.5	SHELTER	needshoes	['specie_1119']
46	2.5	SHELTER	needwood	['specie_1119']
46	2.5	TOOLS	needbasket	['specie_1119']
46	2.5	TOOLS	needaxe	['specie_1119']
46	2.5	TOOLS	needarrow	['specie_1119']
47	2.5	EAT	eatpro	['specie_122']
47	2.5	EAT	eatfat	['specie_122']
47	2.5	EAT	eatcarb	['specie_122']
47	2.5	ILLNESS	treatpain	['specie_122']
47	2.5	ILLNESS	treatwound	['specie_122']
47	2.5	ILLNESS	treatfever	['specie_122']
47	2.5	SHELTER	needclothes	['specie_122']
47	2.5	SHELTER	needshoes	['specie_122']
47	2.5	SHELTER	needwood	['specie_122']
47	2.5	TOOLS	needbasket	['specie_122']
47	2.5	TOOLS	needaxe	['specie_122']
47	2.5	TOOLS	needarrow	['specie_122']
48	2.5	EAT	eatpro	['specie_1127']
48	2.5	EAT	eatfat	['specie_1127']
48	2.5	EAT	eatcarb	['specie_1127']
48	2.5	ILLNESS	treatpain	['specie_1127']
48	2.5	ILLNESS	treatwound	['specie_1127']
48	2.5	ILLNESS	treatfever	['specie_1127']
48	2.5	SHELTER	needclothes	['specie_1127']
48	2.5	SHELTER	needshoes	['specie_1127']
48	2.5	SHELTER	needwood	['specie_1127']
48	2.5	TOOLS	needbasket	['specie_1127']
48	2.5	TOOLS	needaxe	['specie_1127']
48	2.5	TOOLS	needarrow	['specie_1127']
49	2.5	EAT	eatpro	['specie_82']
49	2.5	EAT	eatfat	['specie_82']
49	2.5	EAT	eatcarb	['specie_82']
49	2.5	ILLNESS	treatpain	['specie_82']
49	2.5	ILLNESS	treatwound	['specie_82']
49	2.5	ILLNESS	treatfever	['specie_82']
49	2.5	SHELTER	needclothes	['specie_82']
49	2.5	SHELTER	needshoes	['specie_82']
49	2.5	SHELTER	needwood	['specie_82']
49	2.5	TOOLS	needbasket	['specie_82']
49	2.5	TOOLS	needaxe	['specie_82']
49	2.5	TOOLS	needarrow	['specie_82']
50	2.5	EAT	eatpro	['specie_635']
50	2.5	EAT	eatfat	['specie_635']
50	2.5	EAT	eatcarb	['specie_635']
50	2.5	ILLNESS	treatpain	['specie_635']
50	2.5	ILLNESS	treatwound	['specie_635']
50	2.5	ILLNESS	treatfever	['specie_635']
50	2.5	SHELTER	needclothes	['specie_635']
50	2.5	SHELTER	needshoes	['specie_635']
50	2.5	SHELTER	needwood	['specie_635']
50	2.5	TOOLS	needbasket	['specie_635']
50	2.5	TOOLS	needaxe	['specie_635']
50	2.5	TOOLS	needarrow	['specie_635']
51	2.5	EAT	eatpro	['specie_710']
51	2.5	EAT	eatfat	['specie_710']
51	2.5	EAT	eatcarb	['specie_710']
51	2.5	ILLNESS	treatpain	['specie_710']
51	2.5	ILLNESS	treatwound	['specie_710']
51	2.5	ILLNESS	treatfever	['specie_710']
51	2.5	SHELTER	needclothes	['specie_710']
51	2.5	SHELTER	needshoes	['specie_710']
51	2.5	SHELTER	needwood	['specie_710']
51	2.5	TOOLS	needbasket	['specie_710']
51	2.5	TOOLS	needaxe	['specie_710']
51	2.5	TOOLS	needarrow	['specie_710']
52	2.5	EAT	eatpro	['specie_119']
52	2.5	EAT	eatfat	['specie_119']
52	2.5	EAT	eatcarb	['specie_119']
52	2.5	ILLNESS	treatpain	['specie_119']
52	2.5	ILLNESS	treatwound	['specie_119']
52	2.5	ILLNESS	treatfever	['specie_119']
52	2.5	SHELTER	needclothes	['specie_119']
52	2.5	SHELTER	needshoes	['specie_119']
52	2.5	SHELTER	needwood	['specie_119']
52	2.5	TOOLS	needbasket	['specie_119']
52	2.5	TOOLS	needaxe	['specie_119']
52	2.5	TOOLS	needarrow	['specie_119']
53	2.5	EAT	eatpro	['specie_429']
53	2.5	EAT	eatfat	['specie_429']
53	2.5	EAT	eatcarb	['specie_429']
53	2.5	ILLNESS	treatpain	['specie_429']
53	2.5	ILLNESS	treatwound	['specie_429']
53	2.5	ILLNESS	treatfever	['specie_429']
53	2.5	SHELTER	needclothes	['specie_429']
53	2.5	SHELTER	needshoes	['specie_429']
53	2.5	SHELTER	needwood	['specie_429']
53	2.5	TOOLS	needbasket	['specie_429']
53	2.5	TOOLS	needaxe	['specie_429']
53	2.5	TOOLS	needarrow	['specie_429']
54	2.5	EAT	eatpro	['specie_1611']
54	2.5	EAT	eatfat	['specie_1611']
54	2.5	EAT	eatcarb	['specie_1611']
54	2.5	ILLNESS	treatpain	['specie_1611']
54	2.5	ILLNESS	treatwound	['specie_1611']
54	2.5	ILLNESS	treatfever	['specie_1611']
54	2.5	SHELTER	needclothes	['specie_1611']
54	2.5	SHELTER	needshoes	['specie_1611']
54	2.5	SHELTER	needwood	['specie_1611']
54	2.5	TOOLS	needbasket	['specie_1611']
54	2.5	TOOLS	needaxe	['specie_1611']
54	2.5	TOOLS	needarrow	['specie_1611']
55	2.5	EAT	eatpro	['specie_225']
55	2.5	EAT	eatfat	['specie_225']
55	2.5	EAT	eatcarb	['specie_225']
55	2.5	ILLNESS	treatpain	['specie_225']
55	2.5	ILLNESS	treatwound	['specie_225']
55	2.5	ILLNESS	treatfever	['specie_225']
55	2.5	SHELTER	needclothes	['specie_225']
55	2.5	SHELTER	needshoes	['specie_225']
55	2.5	SHELTER	needwood	['specie_225']
55	2.5	TOOLS	needbasket	['specie_225']
55	2.5	TOOLS	needaxe	['specie_225']
55	2.5	TOOLS	needarrow	['specie_225']
56	2.5	EAT	eatpro	['specie_536']
56	2.5	EAT	eatfat	['specie_536']
56	2.5	EAT	eatcarb	['specie_536']
56	2.5	ILLNESS	treatpain	['specie_536']
56	2.5	ILLNESS	treatwound	['specie_536']
56	2.5	ILLNESS	treatfever	['specie_536']
56	2.5	SHELTER	needclothes	['specie_536']
56	2.5	SHELTER	needshoes	['specie_536']
56	2.5	SHELTER	needwood	['specie_536']
56	2.5	TOOLS	needbasket	['specie_536']
56	2.5	TOOLS	needaxe	['specie_536']
56	2.5	TOOLS	needarrow	['specie_536']
57	2.5	EAT	eatpro	['specie_613']
57	2.5	EAT	eatfat	['specie_613']
57	2.5	EAT	eatcarb	['specie_613']
57	2.5	ILLNESS	treatpain	['specie_613']
57	2.5	ILLNESS	treatwound	['specie_613']
57	2.5	ILLNESS	treatfever	['specie_613']
57	2.5	SHELTER	needclothes	['specie_613']
57	2.5	SHELTER	needshoes	['specie_613']
57	2.5	SHELTER	needwood	['specie_613']
57	2.5	TOOLS	needbasket	['specie_613']
57	2.5	TOOLS	needaxe	['specie_613']
57	2.5	TOOLS	needarrow	['specie_613']
58	2.5	EAT	eatpro	['specie_1139']
58	2.5	EAT	eatfat	['specie_1139']
58	2.5	EAT	eatcarb	['specie_1139']
58	2.5	ILLNESS	treatpain	['specie_1139']
58	2.5	ILLNESS	treatwound	['specie_1139']
58	2.5	ILLNESS	treatfever	['specie_1139']
58	2.5	SHELTER	needclothes	['specie_1139']
58	2.5	SHELTER	needshoes	['specie_1139']
58	2.5	SHELTER	needwood	['specie_1139']
58	2.5	TOOLS	needbasket	['specie_1139']
58	2.5	TOOLS	needaxe	['specie_1139']
58	2.5	TOOLS	needarrow	['specie_1139']
59	2.5	EAT	eatpro	['specie_194']
59	2.5	EAT	eatfat	['specie_194']
59	2.5	EAT	eatcarb	['specie_194']
59	2.5	ILLNESS	treatpain	['specie_194']
59	2.5	ILLNESS	treatwound	['specie_194']
59	2.5	ILLNESS	treatfever	['specie_194']
59	2.5	SHELTER	needclothes	['specie_194']
59	2.5	SHELTER	needshoes	['specie_194']
59	2.5	SHELTER	needwood	['specie_194']
59	2.5	TOOLS	needbasket	['specie_194']
59	2.5	TOOLS	needaxe	['specie_194']
59	2.5	TOOLS	needarrow	['specie_194']
60	2.5	EAT	eatpro	['specie_677']
60	2.5	EAT	eatfat	['specie_677']
60	2.5	EAT	eatcarb	['specie_677']
60	2.5	ILLNESS	treatpain	['specie_677']
60	2.5	ILLNESS	treatwound	['specie_677']
60	2.5	ILLNESS	treatfever	['specie_677']
60	2.5	SHELTER	needclothes	['specie_677']
60	2.5	SHELTER	needshoes	['specie_677']
60	2.5	SHELTER	needwood	['specie_677']
60	2.5	TOOLS	needbasket	['specie_677']
60	2.5	TOOLS	needaxe	['specie_677']
60	2.5	TOOLS	needarrow	['specie_677']
61	2.5	EAT	eatpro	['specie_61']
61	2.5	EAT	eatfat	['specie_61']
61	2.5	EAT	eatcarb	['specie_61']
61	2.5	ILLNESS	treatpain	['specie_61']
61	2.5	ILLNESS	treatwound	['specie_61']
61	2.5	ILLNESS	treatfever	['specie_61']
61	2.5	SHELTER	needclothes	['specie_61']
61	2.5	SHELTER	needshoes	['specie_61']
61	2.5	SHELTER	needwood	['specie_61']
61	2.5	TOOLS	needbasket	['specie_61']
61	2.5	TOOLS	needaxe	['specie_61']
61	2.5	TOOLS	needarrow	['specie_61']
62	2.5	EAT	eatpro	['specie_715']
62	2.5	EAT	eatfat	['specie_715']
62	2.5	EAT	eatcarb	['specie_715']
62	2.5	ILLNESS	treatpain	['specie_715']
62	2.5	ILLNESS	treatwound	['specie_715']
62	2.5	ILLNESS	treatfever	['specie_715']
62	2.5	SHELTER	needclothes	['specie_715']
62	2.5	SHELTER	needshoes	['specie_715']
62	2.5	SHELTER	needwood	['specie_715']
62	2.5	TOOLS	needbasket	['specie_715']
62	2.5	TOOLS	needaxe	['specie_715']
62	2.5	TOOLS	needarrow	['specie_715']
63	2.5	EAT	eatpro	['specie_428']
63	2.5	EAT	eatfat	['specie_428']
63	2.5	EAT	eatcarb	['specie_428']
63	2.5	ILLNESS	treatpain	['specie_428']
63	2.5	ILLNESS	treatwound	['specie_428']
63	2.5	ILLNESS	treatfever	['specie_428']
63	2.5	SHELTER	needclothes	['specie_428']
63	2.5	SHELTER	needshoes	['specie_428']
63	2.5	SHELTER	needwood	['specie_428']
63	2.5	TOOLS	needbasket	['specie_428']
63	2.5	TOOLS	needaxe	['specie_428']
63	2.5	TOOLS	needarrow	['specie_428']
64	2.5	EAT	eatpro	['specie_1407']
64	2.5	EAT	eatfat	['specie_1407']
64	2.5	EAT	eatcarb	['specie_1407']
64	2.5	ILLNESS	treatpain	['specie_1407']
64	2.5	ILLNESS	treatwound	['specie_1407']
64	2.5	ILLNESS	treatfever	['specie_1407']
64	2.5	SHELTER	needclothes	['specie_1407']
64	2.5	SHELTER	needshoes	['specie_1407']
64	2.5	SHELTER	needwood	['specie_1407']
64	2.5	TOOLS	needbasket	['specie_1407']
64	2.5	TOOLS	needaxe	['specie_1407']
64	2.5	TOOLS	needarrow	['specie_1407']
65	2.5	EAT	eatpro	['specie_1368']
65	2.5	EAT	eatfat	['specie_1368']
65	2.5	EAT	eatcarb	['specie_1368']
65	2.5	ILLNESS	treatpain	['specie_1368']
65	2.5	ILLNESS	treatwound	['specie_1368']
65	2.5	ILLNESS	treatfever	['specie_1368']
65	2.5	SHELTER	needclothes	['specie_1368']
65	2.5	SHELTER	needshoes	['specie_1368']
65	2.5	SHELTER	needwood	['specie_1368']
65	2.5	TOOLS	needbasket	['specie_1368']
65	2.5	TOOLS	needaxe	['specie_1368']
65	2.5	TOOLS	needarrow	['specie_1368']
66	2.5	EAT	eatpro	['specie_1336']
66	2.5	EAT	eatfat	['specie_1336']
66	2.5	EAT	eatcarb	['specie_1336']
66	2.5	ILLNESS	treatpain	['specie_1336']
66	2.5	ILLNESS	treatwound	['specie_1336']
66	2.5	ILLNESS	treatfever	['specie_1336']
66	2.5	SHELTER	needclothes	['specie_1336']
66	2.5	SHELTER	needshoes	['specie_1336']
66	2.5	SHELTER	needwood	['specie_1336']
66	2.5	TOOLS	needbasket	['specie_1336']
66	2.5	TOOLS	needaxe	['specie_1336']
66	2.5	TOOLS	needarrow	['specie_1336']
67	2.5	EAT	eatpro	['specie_1456']
67	2.5	EAT	eatfat	['specie_1456']
67	2.5	EAT	eatcarb	['specie_1456']
67	2.5	ILLNESS	treatpain	['specie_1456']
67	2.5	ILLNESS	treatwound	['specie_1456']
67	2.5	ILLNESS	treatfever	['specie_1456']
67	2.5	SHELTER	needclothes	['specie_1456']
67	2.5	SHELTER	needshoes	['specie_1456']
67	2.5	SHELTER	needwood	['specie_1456']
67	2.5	TOOLS	needbasket	['specie_1456']
67	2.5	TOOLS	needaxe	['specie_1456']
67	2.5	TOOLS	needarrow	['specie_1456']
68	2.5	EAT	eatpro	['specie_1251']
68	2.5	EAT	eatfat	['specie_1251']
68	2.5	EAT	eatcarb	['specie_1251']
68	2.5	ILLNESS	treatpain	['specie_1251']
68	2.5	ILLNESS	treatwound	['specie_1251']
68	2.5	ILLNESS	treatfever	['specie_1251']
68	2.5	SHELTER	needclothes	['specie_1251']
68	2.5	SHELTER	needshoes	['specie_1251']
68	2.5	SHELTER	needwood	['specie_1251']
68	2.5	TOOLS	needbasket	['specie_1251']
68	2.5	TOOLS	needaxe	['specie_1251']
68	2.5	TOOLS	needarrow	['specie_1251']
69	2.5	EAT	eatpro	['specie_522']
69	2.5	EAT	eatfat	['specie_522']
69	2.5	EAT	eatcarb	['specie_522']
69	2.5	ILLNESS	treatpain	['specie_522']
69	2.5	ILLNESS	treatwound	['specie_522']
69	2.5	ILLNESS	treatfever	['specie_522']
69	2.5	SHELTER	needclothes	['specie_522']
69	2.5	SHELTER	needshoes	['specie_522']
69	2.5	SHELTER	needwood	['specie_522']
69	2.5	TOOLS	needbasket	['specie_522']
69	2.5	TOOLS	needaxe	['specie_522']
69	2.5	TOOLS	needarrow	['specie_522']
70	2.5	EAT	eatpro	['specie_704']
70	2.5	EAT	eatfat	['specie_704']
70	2.5	EAT	eatcarb	['specie_704']
70	2.5	ILLNESS	treatpain	['specie_704']
70	2.5	ILLNESS	treatwound	['specie_704']
70	2.5	ILLNESS	treatfever	['specie_704']
70	2.5	SHELTER	needclothes	['specie_704']
70	2.5	SHELTER	needshoes	['specie_704']
70	2.5	SHELTER	needwood	['specie_704']
70	2.5	TOOLS	needbasket	['specie_704']
70	2.5	TOOLS	needaxe	['specie_704']
70	2.5	TOOLS	needarrow	['specie_704']
71	2.5	EAT	eatpro	['specie_190']
71	2.5	EAT	eatfat	['specie_190']
71	2.5	EAT	eatcarb	['specie_190']
71	2.5	ILLNESS	treatpain	['specie_190']
71	2.5	ILLNESS	treatwound	['specie_190']
71	2.5	ILLNESS	treatfever	['specie_190']
71	2.5	SHELTER	needclothes	['specie_190']
71	2.5	SHELTER	needshoes	['specie_190']
71	2.5	SHELTER	needwood	['specie_190']
71	2.5	TOOLS	needbasket	['specie_190']
71	2.5	TOOLS	needaxe	['specie_190']
71	2.5	TOOLS	needarrow	['specie_190']
72	2.5	EAT	eatpro	['specie_1339']
72	2.5	EAT	eatfat	['specie_1339']
72	2.5	EAT	eatcarb	['specie_1339']
72	2.5	ILLNESS	treatpain	['specie_1339']
72	2.5	ILLNESS	treatwound	['specie_1339']
72	2.5	ILLNESS	treatfever	['specie_1339']
72	2.5	SHELTER	needclothes	['specie_1339']
72	2.5	SHELTER	needshoes	['specie_1339']
72	2.5	SHELTER	needwood	['specie_1339']
72	2.5	TOOLS	needbasket	['specie_1339']
72	2.5	TOOLS	needaxe	['specie_1339']
72	2.5	TOOLS	needarrow	['specie_1339']
73	2.5	EAT	eatpro	['specie_1286']
73	2.5	EAT	eatfat	['specie_1286']
73	2.5	EAT	eatcarb	['specie_1286']
73	2.5	ILLNESS	treatpain	['specie_1286']
73	2.5	ILLNESS	treatwound	['specie_1286']
73	2.5	ILLNESS	treatfever	['specie_1286']
73	2.5	SHELTER	needclothes	['specie_1286']
73	2.5	SHELTER	needshoes	['specie_1286']
73	2.5	SHELTER	needwood	['specie_1286']
73	2.5	TOOLS	needbasket	['specie_1286']
73	2.5	TOOLS	needaxe	['specie_1286']
73	2.5	TOOLS	needarrow	['specie_1286']
74	2.5	EAT	eatpro	['specie_1372']
74	2.5	EAT	eatfat	['specie_1372']
74	2.5	EAT	eatcarb	['specie_1372']
74	2.5	ILLNESS	treatpain	['specie_1372']
74	2.5	ILLNESS	treatwound	['specie_1372']
74	2.5	ILLNESS	treatfever	['specie_1372']
74	2.5	SHELTER	needclothes	['specie_1372']
74	2.5	SHELTER	needshoes	['specie_1372']
74	2.5	SHELTER	needwood	['specie_1372']
74	2.5	TOOLS	needbasket	['specie_1372']
74	2.5	TOOLS	needaxe	['specie_1372']
74	2.5	TOOLS	needarrow	['specie_1372']
75	2.5	EAT	eatpro	['specie_806']
75	2.5	EAT	eatfat	['specie_806']
75	2.5	EAT	eatcarb	['specie_806']
75	2.5	ILLNESS	treatpain	['specie_806']
75	2.5	ILLNESS	treatwound	['specie_806']
75	2.5	ILLNESS	treatfever	['specie_806']
75	2.5	SHELTER	needclothes	['specie_806']
75	2.5	SHELTER	needshoes	['specie_806']
75	2.5	SHELTER	needwood	['specie_806']
75	2.5	TOOLS	needbasket	['specie_806']
75	2.5	TOOLS	needaxe	['specie_806']
75	2.5	TOOLS	needarrow	['specie_806']
76	2.5	EAT	eatpro	['specie_1243']
76	2.5	EAT	eatfat	['specie_1243']
76	2.5	EAT	eatcarb	['specie_1243']
76	2.5	ILLNESS	treatpain	['specie_1243']
76	2.5	ILLNESS	treatwound	['specie_1243']
76	2.5	ILLNESS	treatfever	['specie_1243']
76	2.5	SHELTER	needclothes	['specie_1243']
76	2.5	SHELTER	needshoes	['specie_1243']
76	2.5	SHELTER	needwood	['specie_1243']
76	2.5	TOOLS	needbasket	['specie_1243']
76	2.5	TOOLS	needaxe	['specie_1243']
76	2.5	TOOLS	needarrow	['specie_1243']
77	2.5	EAT	eatpro	['specie_910']
77	2.5	EAT	eatfat	['specie_910']
77	2.5	EAT	eatcarb	['specie_910']
77	2.5	ILLNESS	treatpain	['specie_910']
77	2.5	ILLNESS	treatwound	['specie_910']
77	2.5	ILLNESS	treatfever	['specie_910']
77	2.5	SHELTER	needclothes	['specie_910']
77	2.5	SHELTER	needshoes	['specie_910']
77	2.5	SHELTER	needwood	['specie_910']
77	2.5	TOOLS	needbasket	['specie_910']
77	2.5	TOOLS	needaxe	['specie_910']
77	2.5	TOOLS	needarrow	['specie_910']
78	2.5	EAT	eatpro	['specie_130']
78	2.5	EAT	eatfat	['specie_130']
78	2.5	EAT	eatcarb	['specie_130']
78	2.5	ILLNESS	treatpain	['specie_130']
78	2.5	ILLNESS	treatwound	['specie_130']
78	2.5	ILLNESS	treatfever	['specie_130']
78	2.5	SHELTER	needclothes	['specie_130']
78	2.5	SHELTER	needshoes	['specie_130']
78	2.5	SHELTER	needwood	['specie_130']
78	2.5	TOOLS	needbasket	['specie_130']
78	2.5	TOOLS	needaxe	['specie_130']
78	2.5	TOOLS	needarrow	['specie_130']
79	2.5	EAT	eatpro	['specie_811']
79	2.5	EAT	eatfat	['specie_811']
79	2.5	EAT	eatcarb	['specie_811']
79	2.5	ILLNESS	treatpain	['specie_811']
79	2.5	ILLNESS	treatwound	['specie_811']
79	2.5	ILLNESS	treatfever	['specie_811']
79	2.5	SHELTER	needclothes	['specie_811']
79	2.5	SHELTER	needshoes	['specie_811']
79	2.5	SHELTER	needwood	['specie_811']
79	2.5	TOOLS	needbasket	['specie_811']
79	2.5	TOOLS	needaxe	['specie_811']
79	2.5	TOOLS	needarrow	['specie_811']
80	2.5	EAT	eatpro	['specie_1638']
80	2.5	EAT	eatfat	['specie_1638']
80	2.5	EAT	eatcarb	['specie_1638']
80	2.5	ILLNESS	treatpain	['specie_1638']
80	2.5	ILLNESS	treatwound	['specie_1638']
80	2.5	ILLNESS	treatfever	['specie_1638']
80	2.5	SHELTER	needclothes	['specie_1638']
80	2.5	SHELTER	needshoes	['specie_1638']
80	2.5	SHELTER	needwood	['specie_1638']
80	2.5	TOOLS	needbasket	['specie_1638']
80	2.5	TOOLS	needaxe	['specie_1638']
80	2.5	TOOLS	needarrow	['specie_1638']
81	2.5	EAT	eatpro	['specie_761']
81	2.5	EAT	eatfat	['specie_761']
81	2.5	EAT	eatcarb	['specie_761']
81	2.5	ILLNESS	treatpain	['specie_761']
81	2.5	ILLNESS	treatwound	['specie_761']
81	2.5	ILLNESS	treatfever	['specie_761']
81	2.5	SHELTER	needclothes	['specie_761']
81	2.5	SHELTER	needshoes	['specie_761']
81	2.5	SHELTER	needwood	['specie_761']
81	2.5	TOOLS	needbasket	['specie_761']
81	2.5	TOOLS	needaxe	['specie_761']
81	2.5	TOOLS	needarrow	['specie_761']
82	2.5	EAT	eatpro	['specie_526']
82	2.5	EAT	eatfat	['specie_526']
82	2.5	EAT	eatcarb	['specie_526']
82	2.5	ILLNESS	treatpain	['specie_526']
82	2.5	ILLNESS	treatwound	['specie_526']
82	2.5	ILLNESS	treatfever	['specie_526']
82	2.5	SHELTER	needclothes	['specie_526']
82	2.5	SHELTER	needshoes	['specie_526']
82	2.5	SHELTER	needwood	['specie_526']
82	2.5	TOOLS	needbasket	['specie_526']
82	2.5	TOOLS	needaxe	['specie_526']
82	2.5	TOOLS	needarrow	['specie_526']
83	2.5	EAT	eatpro	['specie_1218']
83	2.5	EAT	eatfat	['specie_1218']
83	2.5	EAT	eatcarb	['specie_1218']
83	2.5	ILLNESS	treatpain	['specie_1218']
83	2.5	ILLNESS	treatwound	['specie_1218']
83	2.5	ILLNESS	treatfever	['specie_1218']
83	2.5	SHELTER	needclothes	['specie_1218']
83	2.5	SHELTER	needshoes	['specie_1218']
83	2.5	SHELTER	needwood	['specie_1218']
83	2.5	TOOLS	needbasket	['specie_1218']
83	2.5	TOOLS	needaxe	['specie_1218']
83	2.5	TOOLS	needarrow	['specie_1218']
84	2.5	EAT	eatpro	['specie_475']
84	2.5	EAT	eatfat	['specie_475']
84	2.5	EAT	eatcarb	['specie_475']
84	2.5	ILLNESS	treatpain	['specie_475']
84	2.5	ILLNESS	treatwound	['specie_475']
84	2.5	ILLNESS	treatfever	['specie_475']
84	2.5	SHELTER	needclothes	['specie_475']
84	2.5	SHELTER	needshoes	['specie_475']
84	2.5	SHELTER	needwood	['specie_475']
84	2.5	TOOLS	needbasket	['specie_475']
84	2.5	TOOLS	needaxe	['specie_475']
84	2.5	TOOLS	needarrow	['specie_475']
85	2.5	EAT	eatpro	['specie_151']
85	2.5	EAT	eatfat	['specie_151']
85	2.5	EAT	eatcarb	['specie_151']
85	2.5	ILLNESS	treatpain	['specie_151']
85	2.5	ILLNESS	treatwound	['specie_151']
85	2.5	ILLNESS	treatfever	['specie_151']
85	2.5	SHELTER	needclothes	['specie_151']
85	2.5	SHELTER	needshoes	['specie_151']
85	2.5	SHELTER	needwood	['specie_151']
85	2.5	TOOLS	needbasket	['specie_151']
85	2.5	TOOLS	needaxe	['specie_151']
85	2.5	TOOLS	needarrow	['specie_151']
86	2.5	EAT	eatpro	['specie_1135']
86	2.5	EAT	eatfat	['specie_1135']
86	2.5	EAT	eatcarb	['specie_1135']
86	2.5	ILLNESS	treatpain	['specie_1135']
86	2.5	ILLNESS	treatwound	['specie_1135']
86	2.5	ILLNESS	treatfever	['specie_1135']
86	2.5	SHELTER	needclothes	['specie_1135']
86	2.5	SHELTER	needshoes	['specie_1135']
86	2.5	SHELTER	needwood	['specie_1135']
86	2.5	TOOLS	needbasket	['specie_1135']
86	2.5	TOOLS	needaxe	['specie_1135']
86	2.5	TOOLS	needarrow	['specie_1135']
87	2.5	EAT	eatpro	['specie_671']
87	2.5	EAT	eatfat	['specie_671']
87	2.5	EAT	eatcarb	['specie_671']
87	2.5	ILLNESS	treatpain	['specie_671']
87	2.5	ILLNESS	treatwound	['specie_671']
87	2.5	ILLNESS	treatfever	['specie_671']
87	2.5	SHELTER	needclothes	['specie_671']
87	2.5	SHELTER	needshoes	['specie_671']
87	2.5	SHELTER	needwood	['specie_671']
87	2.5	TOOLS	needbasket	['specie_671']
87	2.5	TOOLS	needaxe	['specie_671']
87	2.5	TOOLS	needarrow	['specie_671']
88	2.5	EAT	eatpro	['specie_985']
88	2.5	EAT	eatfat	['specie_985']
88	2.5	EAT	eatcarb	['specie_985']
88	2.5	ILLNESS	treatpain	['specie_985']
88	2.5	ILLNESS	treatwound	['specie_985']
88	2.5	ILLNESS	treatfever	['specie_985']
88	2.5	SHELTER	needclothes	['specie_985']
88	2.5	SHELTER	needshoes	['specie_985']
88	2.5	SHELTER	needwood	['specie_985']
88	2.5	TOOLS	needbasket	['specie_985']
88	2.5	TOOLS	needaxe	['specie_985']
88	2.5	TOOLS	needarrow	['specie_985']
89	2.5	EAT	eatpro	['specie_384']
89	2.5	EAT	eatfat	['specie_384']
89	2.5	EAT	eatcarb	['specie_384']
89	2.5	ILLNESS	treatpain	['specie_384']
89	2.5	ILLNESS	treatwound	['specie_384']
89	2.5	ILLNESS	treatfever	['specie_384']
89	2.5	SHELTER	needclothes	['specie_384']
89	2.5	SHELTER	needshoes	['specie_384']
89	2.5	SHELTER	needwood	['specie_384']
89	2.5	TOOLS	needbasket	['specie_384']
89	2.5	TOOLS	needaxe	['specie_384']
89	2.5	TOOLS	needarrow	['specie_384']
90	2.5	EAT	eatpro	['specie_765']
90	2.5	EAT	eatfat	['specie_765']
90	2.5	EAT	eatcarb	['specie_765']
90	2.5	ILLNESS	treatpain	['specie_765']
90	2.5	ILLNESS	treatwound	['specie_765']
90	2.5	ILLNESS	treatfever	['specie_765']
90	2.5	SHELTER	needclothes	['specie_765']
90	2.5	SHELTER	needshoes	['specie_765']
90	2.5	SHELTER	needwood	['specie_765']
90	2.5	TOOLS	needbasket	['specie_765']
90	2.5	TOOLS	needaxe	['specie_765']
90	2.5	TOOLS	needarrow	['specie_765']
91	2.5	EAT	eatpro	['specie_531']
91	2.5	EAT	eatfat	['specie_531']
91	2.5	EAT	eatcarb	['specie_531']
91	2.5	ILLNESS	treatpain	['specie_531']
91	2.5	ILLNESS	treatwound	['specie_531']
91	2.5	ILLNESS	treatfever	['specie_531']
91	2.5	SHELTER	needclothes	['specie_531']
91	2.5	SHELTER	needshoes	['specie_531']
91	2.5	SHELTER	needwood	['specie_531']
91	2.5	TOOLS	needbasket	['specie_531']
91	2.5	TOOLS	needaxe	['specie_531']
91	2.5	TOOLS	needarrow	['specie_531']
92	2.5	EAT	eatpro	['specie_1556']
92	2.5	EAT	eatfat	['specie_1556']
92	2.5	EAT	eatcarb	['specie_1556']
92	2.5	ILLNESS	treatpain	['specie_1556']
92	2.5	ILLNESS	treatwound	['specie_1556']
92	2.5	ILLNESS	treatfever	['specie_1556']
92	2.5	SHELTER	needclothes	['specie_1556']
92	2.5	SHELTER	needshoes	['specie_1556']
92	2.5	SHELTER	needwood	['specie_1556']
92	2.5	TOOLS	needbasket	['specie_1556']
92	2.5	TOOLS	needaxe	['specie_1556']
92	2.5	TOOLS	needarrow	['specie_1556']
93	2.5	EAT	eatpro	['specie_817']
93	2.5	EAT	eatfat	['specie_817']
93	2.5	EAT	eatcarb	['specie_817']
93	2.5	ILLNESS	treatpain	['specie_817']
93	2.5	ILLNESS	treatwound	['specie_817']
93	2.5	ILLNESS	treatfever	['specie_817']
93	2.5	SHELTER	needclothes	['specie_817']
93	2.5	SHELTER	needshoes	['specie_817']
93	2.5	SHELTER	needwood	['specie_817']
93	2.5	TOOLS	needbasket	['specie_817']
93	2.5	TOOLS	needaxe	['specie_817']
93	2.5	TOOLS	needarrow	['specie_817']
94	2.5	EAT	eatpro	['specie_982']
94	2.5	EAT	eatfat	['specie_982']
94	2.5	EAT	eatcarb	['specie_982']
94	2.5	ILLNESS	treatpain	['specie_982']
94	2.5	ILLNESS	treatwound	['specie_982']
94	2.5	ILLNESS	treatfever	['specie_982']
94	2.5	SHELTER	needclothes	['specie_982']
94	2.5	SHELTER	needshoes	['specie_982']
94	2.5	SHELTER	needwood	['specie_982']
94	2.5	TOOLS	needbasket	['specie_982']
94	2.5	TOOLS	needaxe	['specie_982']
94	2.5	TOOLS	needarrow	['specie_982']
95	2.5	EAT	eatpro	['specie_667']
95	2.5	EAT	eatfat	['specie_667']
95	2.5	EAT	eatcarb	['specie_667']
95	2.5	ILLNESS	treatpain	['specie_667']
95	2.5	ILLNESS	treatwound	['specie_667']
95	2.5	ILLNESS	treatfever	['specie_667']
95	2.5	SHELTER	needclothes	['specie_667']
95	2.5	SHELTER	needshoes	['specie_667']
95	2.5	SHELTER	needwood	['specie_667']
95	2.5	TOOLS	needbasket	['specie_667']
95	2.5	TOOLS	needaxe	['specie_667']
95	2.5	TOOLS	needarrow	['specie_667']
96	2.5	EAT	eatpro	['specie_1378']
96	2.5	EAT	eatfat	['specie_1378']
96	2.5	EAT	eatcarb	['specie_1378']
96	2.5	ILLNESS	treatpain	['specie_1378']
96	2.5	ILLNESS	treatwound	['specie_1378']
96	2.5	ILLNESS	treatfever	['specie_1378']
96	2.5	SHELTER	needclothes	['specie_1378']
96	2.5	SHELTER	needshoes	['specie_1378']
96	2.5	SHELTER	needwood	['specie_1378']
96	2.5	TOOLS	needbasket	['specie_1378']
96	2.5	TOOLS	needaxe	['specie_1378']
96	2.5	TOOLS	needarrow	['specie_1378']
97	2.5	EAT	eatpro	['specie_443']
97	2.5	EAT	eatfat	['specie_443']
97	2.5	EAT	eatcarb	['specie_443']
97	2.5	ILLNESS	treatpain	['specie_443']
97	2.5	ILLNESS	treatwound	['specie_443']
97	2.5	ILLNESS	treatfever	['specie_443']
97	2.5	SHELTER	needclothes	['specie_443']
97	2.5	SHELTER	needshoes	['specie_443']
97	2.5	SHELTER	needwood	['specie_443']
97	2.5	TOOLS	needbasket	['specie_443']
97	2.5	TOOLS	needaxe	['specie_443']
97	2.5	TOOLS	needarrow	['specie_443']
98	2.5	EAT	eatpro	['specie_731']
98	2.5	EAT	eatfat	['specie_731']
98	2.5	EAT	eatcarb	['specie_731']
98	2.5	ILLNESS	treatpain	['specie_731']
98	2.5	ILLNESS	treatwound	['specie_731']
98	2.5	ILLNESS	treatfever	['specie_731']
98	2.5	SHELTER	needclothes	['specie_731']
98	2.5	SHELTER	needshoes	['specie_731']
98	2.5	SHELTER	needwood	['specie_731']
98	2.5	TOOLS	needbasket	['specie_731']
98	2.5	TOOLS	needaxe	['specie_731']
98	2.5	TOOLS	needarrow	['specie_731']
99	2.5	EAT	eatpro	['specie_1289']
99	2.5	EAT	eatfat	['specie_1289']
99	2.5	EAT	eatcarb	['specie_1289']
99	2.5	ILLNESS	treatpain	['specie_1289']
99	2.5	ILLNESS	treatwound	['specie_1289']
99	2.5	ILLNESS	treatfever	['specie_1289']
99	2.5	SHELTER	needclothes	['specie_1289']
99	2.5	SHELTER	needshoes	['specie_1289']
99	2.5	SHELTER	needwood	['specie_1289']
99	2.5	TOOLS	needbasket	['specie_1289']
99	2.5	TOOLS	needaxe	['specie_1289']
99	2.5	TOOLS	needarrow	['specie_1289']
